0,0.00355976863993189,0.0010278700711544,0.00210887208378347,0.00408060413069675,0.00645563459058809
00,0.000211594639436511,4.74109811418081E-05,0.000196423310089908,0.000241313753244679,0.000350107166949883
01,0.000197903221590619,5.87896166158421E-05,0.000180352311991643,0.000227970970679807,0.000409881561307181
02,0.000112020691466388,3.79287849134465E-05,0.000114282653143219,0.000138764938674665,0.000256175975816988
04,0.000130690806710786,6.63753735985314E-05,0.0003696329562601,0.000154013833034519,0.000179323183071892
05,0.000133180155410039,3.98252241591188E-05,9.46403221342285E-05,0.000138383716315669,0.000243367177026138
06,0.000103307971019002,3.98252241591188E-05,0.00010178298795568,0.000120085043083845,0.000179323183071892
07,0.000107041994067882,4.74109811418081E-05,0.000107139987321768,0.000112460595903918,0.00020921038025054
08,9.21059018723636E-05,2.27572709480679E-05,0.000110711320232494,0.000112460595903918,0.000166514384281042
09,8.21485070753513E-05,5.49967381244974E-05,0.000107139987321768,0.000113985485339904,0.000170783983877992
0x00,8.71272044738575E-06,1.89643924567233E-06,7.14266582145121E-06,6.48078010293766E-06,8.5391991938996E-06
1,0.0057553741926731,0.00424043815332332,0.00506772140031963,0.00622269256589714,0.00794999444952052
10,0.00127703588271683,0.00062772139031754,0.00142317616492415,0.0011958945401715,0.00200244221096946
100,0.000724400471482644,0.000312912475535934,0.000499986607501585,0.000642740897267817,0.00111009589520695
11,0.000450572114564806,0.000180161728338871,0.000553556601162469,0.000423919263203922,0.000777067126644863
12,0.000521518552493518,0.000153611578899458,0.000482129942947957,0.000469284723924486,0.00084538072019606
13,0.000266360310820079,7.96504483182377E-05,0.000241064971473978,0.000244744754475646,0.000461116756470578
14,0.000260136939071946,6.06860558615144E-05,0.000246421970840067,0.000228352193038803,0.000533699949618725
15,0.000387093722733853,0.000149818700408114,0.000387489620813728,0.000351105792635623,0.000704483933496717
16,0.000317391959154767,9.2925523037944E-05,0.000312491629688491,0.000286679213965242,0.000546508748409574
17,0.000180477780695848,3.98252241591188E-05,0.000166066980348741,0.000179555731087273,0.00041842076050108
18,0.000202881918989125,6.25824951071867E-05,0.000164281313893378,0.000190992401857163,0.000439768758485829
19,0.000215328662485391,3.98252241591188E-05,0.000153567315161201,0.000165069281445412,0.000388533563322432
2,0.00410244665636906,0.00324480754934535,0.00379454121764596,0.00424872319101413,0.0053156514982025
20,0.000537699319038663,0.0002124011955153,0.000453559279662152,0.000501688624439174,0.000909424714150307
2011,0.000242711498177174,0.000127061429460046,0.000264278635393695,0.000241694975603675,0.000345837567352934
2012,0.000195413872891366,7.77540090725653E-05,0.000224993973375713,0.00015287016595753,0.000362915965740733
22,0.00018670115244398,4.55145418961358E-05,0.000224993973375713,0.000180699398164262,0.000384263963725482
23,0.000168031037199582,5.31002988788251E-05,0.000142853316429024,0.000170406394471361,0.000362915965740733
24,0.00022279670858315,7.5857569826893E-05,0.000210708641732811,0.000198998071396086,0.000354376766546833
25,0.000272583682568211,7.77540090725653E-05,0.000219636974009625,0.000239026419090701,0.000533699949618725
2791,1.24467434962654E-06,1.89643924567233E-06,1.7856664553628E-06,3.81222358996333E-07,8.5391991938996E-06
28,0.000119488737564147,3.41359064221019E-05,9.46403221342285E-05,0.000111698151185926,0.000260445575413938
3,0.00288764449113356,0.00236485973935339,0.00247493370713284,0.00277644244057029,0.00367612525297378
30,0.00043812537106854,0.000191540363812905,0.000344633625885021,0.000356824128020568,0.00062763114075162
31,0.000115754714515268,2.46537101937402E-05,0.000123210985420033,0.000120847487801838,0.000273254374204787
32,0.000205371267688378,5.31002988788251E-05,0.000273206967670509,0.000196329514883112,0.000375724764531582
33,8.46378557746044E-05,1.51715139653786E-05,7.14266582145121E-05,8.80623649281529E-05,0.000273254374204787
35,0.00012571210931228,2.08608317023956E-05,9.64259885895913E-05,9.03496990821309E-05,0.000256175975816988
4,0.00202508516684237,0.00138819352783214,0.00169102613322857,0.00185884022246612,0.00301860691504351
40,0.000201637244639499,6.44789343528591E-05,0.000155352981616564,0.000178412064010284,0.000456847156873628
5,0.00190061773187972,0.00123078907044134,0.00166066980348741,0.00168576527148178,0.00271119574406312
50,0.000382115025335346,0.000134647186442735,0.00028034963349196,0.000328994895813835,0.000572126345991273
6,0.00102187764104339,0.000631514268808884,0.00103032954474434,0.0010079519171863,0.00169076144039212
7,0.000998228828400481,0.000527210110296907,0.00132139317696847,0.00093361355718202,0.00151997745651413
8,0.000990760782302722,0.000453248979715686,0.000837477567565154,0.0010186261432382,0.00159256064966227
9,0.000645985987456172,0.000210504756269628,0.000569627599260734,0.000606143550804169,0.00122964468392154
_,0.000136914178458919,8.53397660552546E-05,7.32123246698749E-05,0.000182224287600247,0.000298871971786486
_post,0.000168031037199582,2.84465886850849E-05,8.92833227681401E-06,0.000107885927595962,0.000469655955664478
a,0.0175001213557491,0.0161481801768999,0.0167174093551066,0.0158089100052189,0.0138078850965356
able,0.00126956783661907,0.00125164990214374,0.00158567181236217,0.00143758951577517,0.000905155114553357
about,0.0025702525319788,0.00482643788023607,0.00354811924680589,0.00192402924585449,0.00156694305208058
above,0.00066092207965169,0.000512038596331528,0.000498200941046222,0.000906165547334284,0.000905155114553357
access,0.000845133883396418,0.000618239194089178,0.00142139049846879,0.00100642702775032,0.00084965031979301
account,0.000296232495211115,0.000172575971356182,0.000799978572002536,0.000244363532116649,0.000243367177026138
action,0.000454306137613685,0.00019533324230425,0.000224993973375713,0.000693824693373326,0.000832571921405211
activity,0.000303700541308875,8.34433268095823E-05,6.60696588484237E-05,0.000340812788942722,0.000256175975816988
actually,0.000466752881109951,0.000714957595618467,0.000648196923296697,0.000583651431623386,0.000478195154858377
add,0.00182842661960138,0.000879947809991959,0.00114104086497683,0.00205745707150321,0.00197255501379081
added,0.000388338397083479,0.000254122858920092,0.000394632286635179,0.000691156136860352,0.000704483933496717
address,0.000499114414200241,0.000185851046075888,0.000676767586582502,0.00041476992658801,0.000478195154858377
admin,0.000207860616387631,0.000180161728338871,0.000407131951822719,0.000214628188114935,0.000290332772592586
advance,0.00221676501668486,0.00123078907044134,0.00151781648705838,0.00129882457710051,0.00138335026941173
advice,0.000270094333868958,0.000540485185016613,0.000474987277126506,0.000232545638987763,0.000196401581459691
after,0.0015384174961384,0.00107528105229621,0.00164459880538914,0.00167928449137885,0.00183592782668841
again,0.000531475947290531,0.000447559661978669,0.000641054257475246,0.000640453563113839,0.000738640730272315
ajax,0.000419455255824142,0.000445663222732997,0.000124996651875396,0.000492539287823262,0.000482464754455327
all,0.00393192627047023,0.00400527968685995,0.00450345080042499,0.00426054108414302,0.00379140444209142
allow,0.000379625676636093,0.000468420493681064,0.000646411256841335,0.000435737156332809,0.000311680770577335
already,0.00076174070197144,0.00110752051947264,0.000976759551083453,0.000802473065687281,0.000738640730272315
also,0.00215577597355316,0.00308740309195455,0.00276778300581234,0.00221566435048669,0.00187862382265791
always,0.000426923301921902,0.000775643651479981,0.000607126594823353,0.000669045240038564,0.000473925555261428
am,0.00636775397268936,0.00582206848421404,0.00584805764131318,0.00568211926084034,0.00572980265910663
an,0.00572923603133094,0.00535554442977865,0.00602126728748337,0.00656731757842983,0.0052985730998147
and,0.0161185328276636,0.0160268080651768,0.0159102881172826,0.0139237654399821,0.0127063284005226
android,0.00141270538682612,0.000798400922428049,0.000992830549181718,0.000790655172558395,0.000730101531078415
androidruntime,3.98295791880491E-05,5.68931773701698E-06,1.7856664553628E-06,2.8591676924725E-05,6.83135935511968E-05
another,0.00125836576747243,0.00108855612701592,0.00128032284849513,0.00142691528972327,0.00124245348271239
answer,0.000735602540629282,0.000826847511113134,0.000758908243529191,0.000448317494179688,0.000567856746394323
any,0.00665900777050197,0.00723870860073127,0.00754265510745248,0.00597718536670351,0.00542666108772319
anyone,0.0022889561289632,0.00241037428124953,0.00283028133175004,0.00179975075682169,0.00204513820693895
anything,0.000684570892294594,0.00103924870662843,0.00104282920993188,0.000768163053377611,0.000666057537124168
apache,0.000195413872891366,0.00027688012986816,0.000603555261912627,0.000294684883504165,0.000367185565337683
api,0.000770453422418825,0.000813572436393428,0.000439273948019249,0.000669426462397561,0.000456847156873628
app,0.00177863964561632,0.00146974041539605,0.00179816612055034,0.00180737520400161,0.00146874226135073
apple,0.000133180155410039,0.000182058167584543,0.000505343606867673,0.000157063611906489,0.000226288778638339
application,0.00311790924581447,0.00265501494394126,0.00181245145219324,0.00253131646373565,0.00179750143031586
applications,0.000328594028301405,0.00109045256626159,0.000592841263180451,0.0002702866525284,0.00021347997984749
appreciated,0.000906122926528118,0.000697889642407416,0.000980330883994179,0.000919127107540159,0.00105032150084965
approach,0.000247690195575681,0.000616342754843506,0.00028034963349196,0.000367117131713469,0.000149435985893243
apps,0.000318636633504393,0.00076616145525162,0.000719623581511209,0.000202810294986049,0.000157975185087143
are,0.00460778444231743,0.00846760123192693,0.00638911457728811,0.00471877035965661,0.00406038921669926
around,0.000446838091515926,0.000887533566974648,0.000780336240993545,0.000683531689680425,0.000486734354052277
array,0.00122475956003251,0.000288258765342193,0.000183923644902369,0.00106475404867676,0.00166514384281042
as,0.00502475034944232,0.00618618481938313,0.00604448095140309,0.00611938130660914,0.00494846593286482
ask,0.000458040160662565,0.000694096763916071,0.000689267251770042,0.000270667874887396,0.000315950370174285
asp,0.000720666448433764,0.000967184015292886,0.000383918287903003,0.000653033900960718,0.000478195154858377
at,0.002636220272509,0.00366392062263893,0.00374632822335116,0.00329871707239527,0.00352668926708053
auto,0.000296232495211115,0.000161197335882148,0.000164281313893378,0.000325945116941865,0.000384263963725482
available,0.000476710275906963,0.000859086978289564,0.000833906234654429,0.000502451069157167,0.000367185565337683
b,0.00100320752579899,0.000398252241591188,0.000621411926466255,0.000853938084151786,0.00125953188110019
back,0.000609890431317002,0.000762368576760275,0.000860691231484871,0.000871093090306621,0.000789875925435713
background,0.000492891042452108,0.000434284587258963,0.0003696329562601,0.000592419545880302,0.000644709539139419
bad,0.000238977475128295,0.000567035334456025,0.000366061623349375,0.000239407641449697,0.00020494078065359
bar,0.000303700541308875,0.000153611578899458,0.000199994643000634,0.000354918016225586,0.000328759168965134
based,0.000853846603843803,0.00135974693914706,0.000921403890967206,0.000771594054608578,0.000512351951633976
basic,0.000555124759933435,0.000878051370746287,0.000514271939144487,0.000372835467098414,0.000397072762516331
basically,0.000410742535376757,0.000544278063507958,0.000441059614474612,0.000520749742388991,0.000337298368159034
be,0.00709962249026976,0.00895498611806472,0.0080890690427935,0.00727486627672702,0.00606283142766871
bean,3.4850881789543E-05,2.46537101937402E-05,3.57133291072561E-06,9.87365909800503E-05,6.83135935511968E-05
beans,2.24041382932776E-05,3.79287849134465E-05,3.57133291072561E-06,5.1465018464505E-05,5.97743943572972E-05
because,0.00111522821726538,0.00189454280642665,0.00166781246930886,0.00157559200973184,0.00119548788714594
been,0.00127454653401757,0.00247106033711104,0.00217851307554262,0.00145855674551997,0.00155840385288668
before,0.000789123537663223,0.0010961418839986,0.00106604287385159,0.0010918208361655,0.00107593909843135
being,0.000552635411234182,0.000984251968503937,0.000882119228949225,0.000971735793081653,0.000806954323823512
below,0.000937239785268781,0.000271190812131143,0.000487486942314045,0.00113680507452707,0.00137481107021783
best,0.001013164920596,0.00368288501509566,0.00136424917189718,0.000962967678824737,0.000439768758485829
better,0.000637273267008786,0.00241796003823222,0.000980330883994179,0.000766638163941626,0.000337298368159034
between,0.000891186834332599,0.00112838135117503,0.000917832558056481,0.000791036394917391,0.000610552742363821
big,0.000331083377000658,0.000718750474109811,0.000439273948019249,0.000245888421552635,0.00021347997984749
bin,0.000149360921955184,3.60323456677742E-05,0.000346419292340384,0.000248556978065609,0.000286063172995636
bit,0.000532720621640157,0.000900808641694355,0.00084104890047588,0.000584032653982382,0.000550778348006524
block,0.000278807054316344,0.000136543625688407,0.000208922975277448,0.00036902324350845,0.000486734354052277
blog,0.000197903221590619,0.000390666484608499,0.000405346285367356,0.000159732168419464,0.000183592782668841
body,0.000552635411234182,0.00013085430795139,0.000132139317696847,0.000496351511413226,0.000892346315762508
book,0.000317391959154767,0.00146215465841336,0.000526771604332027,0.000165450503804409,0.00020067118105664
books,0.000185456478094354,0.0014868083686071,0.000451773613206789,7.85318059532446E-05,6.4043993954247E-05
bool,0.000206615942038005,4.55145418961358E-05,3.57133291072561E-05,0.000274861320836356,0.000375724764531582
boolean,0.000246445521226054,6.82718128442037E-05,5.35699936608841E-05,0.000284391879811264,0.000495273553246177
border,0.000253913567323813,4.55145418961358E-05,4.82129942947957E-05,0.000231020749551778,0.000473925555261428
both,0.000617358477414762,0.001117002715701,0.00105890020803014,0.000973260682517638,0.000725831931481466
box,0.000573794875177833,0.00024464066269173,0.000399989286001268,0.000470047168642479,0.000529430350021775
br,0.000622337174813268,0.000331876867992657,0.000335705293608207,0.000553153642903679,0.000896615915359458
break,0.000337306748748791,0.000189643924567233,0.000210708641732811,0.000294684883504165,0.000678866335915018
browser,0.000563837480380821,0.000476006250663754,0.000544628268885655,0.000539810860338808,0.000597743943572972
buffer,0.00012571210931228,3.98252241591188E-05,4.82129942947957E-05,0.000154776277752511,0.000239097577429189
build,0.000714443076685631,0.001117002715701,0.000614269260644804,0.000690393692142359,0.000597743943572972
building,0.000309923913057007,0.000604964119369472,0.000335705293608207,0.00030459666483807,0.000264715175010887
but,0.00871894381913388,0.00941392441551742,0.0104961474246226,0.0100059432565768,0.00909851674110002
button,0.0013367802514989,0.000235158466463368,0.000380346954992277,0.00114214218755301,0.00125099268190629
by,0.00329465300346144,0.00302671703609303,0.00339633759810005,0.00339326021742636,0.00286917092915026
bytes,0.000133180155410039,5.31002988788251E-05,0.000139281983518299,0.000163163169650431,0.000192131981862741
c,0.00383608634554898,0.00385925386494318,0.00179102345472889,0.00229877082474789,0.00289478852673196
call,0.000914835646975504,0.000481695568400771,0.000383918287903003,0.00140213583638851,0.00112717429359475
called,0.000604911733918496,0.000400148680836861,0.00045891627902824,0.000965636235337712,0.00084965031979301
can,0.0108436029339464,0.0080105593737199,0.0102657964518808,0.00879937449035336,0.00754865208740724
cannot,0.00053894399338829,0.000384977166871482,0.000896404560592127,0.000897016210718372,0.00105886070004355
case,0.000713198402336005,0.000779436529971326,0.000705338249868307,0.000997658913493404,0.000913694313747257
catalina,1.99147895940246E-05,3.79287849134465E-06,1.60709980982652E-05,2.89728992837213E-05,5.12351951633976E-05
catch,0.000419455255824142,9.2925523037944E-05,8.57119898574145E-05,0.000493301732541255,0.000704483933496717
center,0.00025515824167344,6.44789343528591E-05,0.000149995982250475,0.000257706314681521,0.000465386356067528
change,0.0010505051510848,0.000642892904282918,0.00109639920359276,0.00129310624171556,0.00109301749681915
char,0.000490401693752855,9.2925523037944E-05,7.14266582145121E-05,0.000342718900737703,0.00084538072019606
check,0.000867538021689695,0.000364116335169087,0.000598198262546539,0.0008421201910229,0.00106739989923745
choice,0.000149360921955184,0.000525313671051234,0.00017856664553628,8.99684767231346E-05,0.000132357587505444
choose,0.000253913567323813,0.000616342754843506,0.000278563967036597,0.000171168839189354,0.00021347997984749
chr,1.24467434962654E-05,3.79287849134465E-06,1.24996651875396E-05,1.06742260518973E-05,4.69655955664478E-05
class,0.00242587030742212,0.00112458847268369,0.00050355794041231,0.0031607145784386,0.00352668926708053
classes,0.000408253186677504,0.000610653437106489,0.000162495647438015,0.000507406959824119,0.000397072762516331
click,0.00107041994067882,0.000221883391743662,0.000499986607501585,0.00101100169605828,0.00112717429359475
client,0.000710709053636752,0.000762368576760275,0.000867833897306322,0.000761682273274673,0.000555047947603474
close,0.000560103457331941,0.000242744223446058,0.000269635634759783,0.000559634423006617,0.000725831931481466
code,0.00601551113174505,0.00397683309817487,0.00249457603814184,0.00556050932832051,0.00718146652206956
coding,0.000365934258790201,0.000658064418248297,0.000341062292974295,0.000136477604520687,0.000230558378235289
color,0.00040949786102713,0.000111889915494667,0.000173209646170192,0.000468522279206493,0.000597743943572972
column,0.000394561768831612,0.000100511280020633,0.000128567984786122,0.000606524773163166,0.00043122955929193
com,0.00314404740715663,0.00287879477493059,0.00384811121130684,0.00336085631691167,0.00430802599332235
come,0.000362200235741322,0.00070168252089876,0.000557127934073194,0.000368642021149454,0.000294602372189536
command,0.000440614719767794,0.00021998695249799,0.00117496852762872,0.000670188907115553,0.00063190074034857
common,0.000216573336835017,0.000567035334456025,0.000285706632858048,0.000265330761861448,0.000153705585490193
community,9.33505762219902E-05,0.000534795867279596,0.000253564636661518,5.45147973364756E-05,9.39311911328956E-05
company,0.000220307359883897,0.000656167979002625,0.000949974554253011,0.000150582831803552,0.000256175975816988
computer,0.000354732189643563,0.000563242455964681,0.00110354186941421,0.000189086290062181,0.000273254374204787
config,0.000165541688500329,8.91326445465993E-05,0.000310705963233128,0.000402189588741131,0.000392803162919381
connect,0.000520273878143892,0.00019533324230425,0.000723194914421935,0.000409814035921058,0.000610552742363821
connection,0.000400785140579744,0.000147922261162441,0.000557127934073194,0.000502832291516163,0.000597743943572972
console,0.000308679238707381,0.000155508018145131,0.000176780979080917,0.000417057260741988,0.000499543152843126
const,0.00019416919854174,5.31002988788251E-05,3.57133291072561E-05,0.000203191517345045,0.000328759168965134
contains,0.000542678016437169,0.000201022560041267,0.000249993303750792,0.000686200246193399,0.00062763114075162
content,0.00091981434437401,0.000438077465750307,0.000692838584680767,0.0010708536064207,0.00123818388311544
context,0.000205371267688378,0.000147922261162441,0.000132139317696847,0.000463185166180545,0.000388533563322432
control,0.000443104068467047,0.00048928132538346,0.000496415274590859,0.000684675356757414,0.000333028768562084
controller,0.000179233106346221,0.00013844006493408,9.10689892235029E-05,0.000539048415620815,0.000315950370174285
convert,0.000618603151764388,0.0002124011955153,0.0002928492986795,0.00046471005561653,0.000606283142766871
copy,0.000313657936105887,0.000180161728338871,0.000494629608135496,0.000397996142792172,0.000371455164934632
core,0.000206615942038005,0.000286362326096521,0.00026784996830442,0.000266474428938437,0.000256175975816988
correct,0.000528986598591278,0.00038308072762581,0.00051605760559985,0.000726609816247011,0.000747179929466215
could,0.0020449999564364,0.00245778526239133,0.00260350169191897,0.00210625353345474,0.00207929500371455
count,0.000506582460298,0.000153611578899458,0.000171423979714829,0.000508169404542112,0.000802684724226562
course,0.000215328662485391,0.000635307147300229,0.000453559279662152,0.000290872659914202,0.00021774957944444
cout,0.000202881918989125,4.55145418961358E-05,2.32136639197164E-05,0.000100642702775032,0.000401342362113281
cpp,0.000102063296669376,5.68931773701698E-05,2.32136639197164E-05,0.000109410817031948,0.000230558378235289
create,0.00282914479670112,0.00167265941468299,0.00154460148388882,0.0022659857018742,0.00171637903797382
created,0.000935995110919155,0.000402045120082533,0.000798192905547173,0.00115510374775889,0.0010289735028649
creating,0.000652209359204305,0.000690303885424727,0.000392846620179817,0.000622917334600008,0.000456847156873628
cs,0.000113265365816015,0.000161197335882148,0.000126782318330759,0.000157444834265486,0.00020067118105664
css,0.000623581849162894,0.000675132371459348,0.000358918957527923,0.000551247531108698,0.000952120710119805
current,0.000561348131681567,0.000604964119369472,0.00061784059355553,0.000802091843328285,0.000695944734302817
currently,0.00053894399338829,0.00109993476248995,0.000966045552351276,0.000848219748766841,0.000610552742363821
custom,0.000353487515293936,0.000312912475535934,0.000376775622081551,0.000662945682294623,0.000333028768562084
d,0.00129570599796122,0.00159300896636475,0.00154281581743346,0.00168576527148178,0.00173345743636162
data,0.00300962257739696,0.00198557189021892,0.00168209780095176,0.00291901960283492,0.00274535254083872
database,0.00202508516684237,0.00141664011651723,0.00106247154094087,0.00140442317054249,0.00136627187102394
date,0.0005675715034297,0.000331876867992657,0.000357133291072561,0.000642359674908821,0.000828302321808261
day,0.000357221538342816,0.000504452839348839,0.000537485603064204,0.000256562647604532,0.000315950370174285
db,0.00050284843724912,0.000377391409888793,0.000344633625885021,0.000575645762084463,0.000610552742363821
debug,0.000240222149477921,0.000144129382671097,0.000126782318330759,0.000379697469560348,0.000482464754455327
debug1,1.24467434962654E-06,1.89643924567233E-06,3.39276626518933E-05,1.90611179498167E-06,4.2695995969498E-06
def,0.000173009734598088,5.12038596331528E-05,5.35699936608841E-05,0.000393040252125219,0.000311680770577335
default,0.000480444298955843,0.00026929437288547,0.000628554592287707,0.000853175639433793,0.000704483933496717
defined,0.000212839313786138,0.000140336504179752,0.000123210985420033,0.000446792604743702,0.000392803162919381
delete,0.000430657324970781,0.000144129382671097,0.000330348294242119,0.000399521032228157,0.000456847156873628
description,0.000494135716801735,0.000240847784200385,0.000407131951822719,0.000518462408235013,0.00063617033994552
design,0.000517784529444639,0.00117579233231684,0.000558913600528557,0.000256181425245536,0.000234827977832239
dev,0.000134424829759666,0.000248433541183075,0.000335705293608207,0.000194804625447126,0.00020067118105664
develop,0.000611135105666629,0.000986148407749609,0.000405346285367356,0.000157826056624482,0.000153705585490193
developer,0.000357221538342816,0.00126492497686344,0.0010464005428426,0.000272955209041374,0.000294602372189536
developers,0.000143137550207052,0.000842019025078513,0.000557127934073194,0.000128853157340761,0.000149435985893243
developing,0.000568816177779327,0.000891326445465993,0.000416060284099533,0.000320989226274912,0.000230558378235289
development,0.000461774183711445,0.00208229029174821,0.000953545887163737,0.000333569564121791,0.000337298368159034
device,0.000322370656553273,0.000206711877778283,0.00048391560940332,0.000327851228736846,0.00020067118105664
did,0.000541433342087543,0.000749093502040569,0.000889261894770676,0.000580982875110412,0.000691675134705867
different,0.00114385572730679,0.00147163685464172,0.00133389284215601,0.001351052040283,0.000930772712135056
directory,0.000339796097448044,0.00013085430795139,0.000732123246698749,0.000535617414389848,0.00041842076050108
display,0.0012571210931228,0.000386873606117154,0.000473201610671143,0.00103539992703404,0.00110155669601305
div,0.000740581238027789,0.000153611578899458,9.28546556788658E-05,0.000840595301586914,0.00124245348271239
django,9.21059018723636E-05,0.000348944821203708,7.49979911252377E-05,0.000179936953446269,5.55047947603474E-05
dll,0.000148116247605558,7.0168252089876E-05,8.39263234020517E-05,0.00023597664021873,0.000192131981862741
do,0.00648350868720462,0.00612739520276728,0.00678731819683401,0.00654596912632603,0.00465386356067528
document,0.000616113803065135,0.000284465886850849,0.000396417953090542,0.000830302297894013,0.000917963913344207
documentation,0.000206615942038005,0.000470316932926737,0.0002928492986795,0.000383509693150311,0.00021774957944444
does,0.00198027689025582,0.00263605055148453,0.00329991160951046,0.00273679531523467,0.00234401017872544
doesn,0.000753027981524054,0.00097856265076692,0.00112496986687857,0.00159846535127162,0.00137908066981478
doing,0.000954665226163553,0.00119096384628222,0.00103032954474434,0.00141852839782536,0.00128941907827884
domain,0.000160562991101823,0.000238951344954713,0.000733908913154112,0.000314127223812978,0.000166514384281042
don,0.00203255321294013,0.00285034818624551,0.00272849834379436,0.00212302731725058,0.00200671181056641
done,0.000954665226163553,0.00108097037003323,0.000998187548547807,0.000916458551027185,0.000759988728257064
double,0.000322370656553273,0.000117579233231684,0.000130353651241485,0.00028896654811922,0.000567856746394323
down,0.000546412039486049,0.000610653437106489,0.000608912261278716,0.000561540534801599,0.000589204744379072
download,0.000455550811963312,0.00021998695249799,0.00079640723909181,0.000281342100939294,0.000478195154858377
drive,7.09464379287125E-05,6.25824951071867E-05,0.000360704623983286,6.32829115933913E-05,5.97743943572972E-05
e,0.00151476868349549,0.00108665968777024,0.00127853718203977,0.00174599840420321,0.00178896223112197
each,0.00169275711549209,0.00125544278063508,0.00134460684088819,0.00196215148175413,0.00153705585490193
easier,0.000113265365816015,0.000597378362386783,0.00017856664553628,0.000161257057855449,8.96615915359458E-05
easy,0.000385849048384226,0.000912187277168389,0.000474987277126506,0.000382366026073322,0.000243367177026138
echo,0.000580018246925966,0.000111889915494667,0.000144638982884387,0.000454417051923629,0.00134065427344224
eclipse,0.000261381613421572,0.000402045120082533,0.000148210315795113,0.000295066105863162,0.000247636776623088
editor,0.000150605596304811,0.000390666484608499,0.000180352311991643,0.000160875835496453,0.000119548788714594
either,0.000350998166594683,0.000669443053722331,0.000587484263814362,0.000545529195723753,0.00042695995969498
element,0.000398295791880491,0.000125164990214373,8.92833227681401E-05,0.000564971536032566,0.000606283142766871
else,0.00148614117345408,0.000851501221306874,0.000880333562493862,0.00144178296172413,0.00283501413237467
email,0.000541433342087543,0.000204815438532611,0.000574984598626823,0.000364067352841498,0.000572126345991273
empty,0.000321125982203646,0.00011378635474034,0.00017856664553628,0.000446792604743702,0.000525160750424825
end,0.000926037716122142,0.000821158193376117,0.000828549235288341,0.0013727817147458,0.00136200227142699
endl,0.000138158852808545,2.46537101937402E-05,1.60709980982652E-05,6.93824693373326E-05,0.000290332772592586
enough,0.000294987820861489,0.00070168252089876,0.000487486942314045,0.000287441658683235,0.000222019179041389
enter,0.000832687139900152,0.000206711877778283,0.000574984598626823,0.00053333008023587,0.000977738307701504
error,0.00185456478094354,0.000392562923854171,0.00162674214083551,0.00274327609533761,0.00438060918647049
errors,0.000355976863993189,0.00018774748532156,0.000328562627786756,0.000504738403311145,0.000828302321808261
etc,0.00127330185966795,0.0025146784397615,0.00205173075721186,0.00101023925134028,0.000687405535108917
even,0.00079410223506173,0.0014393973874653,0.00140889083328125,0.00113108673914212,0.0010118951044771
event,0.000504093111598747,0.000185851046075888,0.00019106631072382,0.000791417617276387,0.00063617033994552
every,0.000836421162949032,0.000845811903569857,0.000896404560592127,0.000892060320051419,0.00084538072019606
everything,0.000429412650621155,0.000601171240878127,0.000703552583412944,0.000745670934196827,0.000708753533093666
example,0.00244951912006502,0.00190212856340934,0.00168924046677321,0.00228161581859305,0.00154986465369278
examples,0.000446838091515926,0.000764265016005947,0.000274992634125872,0.000306883998992048,0.00020494078065359
exception,0.000560103457331941,0.000125164990214373,0.000158924314527289,0.000821534183637098,0.00118694868795204
exe,0.000197903221590619,7.20646913355484E-05,0.000244636304384704,0.000197473181960101,0.000277523973801737
exit,0.000247690195575681,5.68931773701698E-05,0.000116068319598582,0.000204335184422034,0.000529430350021775
experience,0.000322370656553273,0.00161576623731282,0.000799978572002536,0.000224158747089844,0.000157975185087143
f,0.000374646979237587,0.0002124011955153,0.000353561958161835,0.00040752670176708,0.000653248738333319
facebook,0.000637273267008786,0.000320498232518623,0.000621411926466255,0.000267236873656429,0.000435499158888879
factory,4.72976252858083E-05,5.87896166158421E-05,2.49993303750792E-05,0.000107504705236966,0.000132357587505444
failed,0.000250179544274934,7.20646913355484E-05,0.000360704623983286,0.000388465583817263,0.000516621551230926
false,0.000756762004572934,0.000170679532110509,0.000198208976545271,0.00112384351432119,0.00156694305208058
far,0.000429412650621155,0.000853397660552547,0.000610697927734079,0.000685437801475407,0.000580665545185173
features,0.000248934869925307,0.00101459499643469,0.000416060284099533,0.00016430683672742,0.000106739989923745
feel,0.000202881918989125,0.000785125847708343,0.000430345615742435,0.000179174508728277,0.000128087987908494
few,0.000521518552493518,0.00127820005158315,0.000999973215003169,0.000583651431623386,0.000533699949618725
field,0.000551390736884555,0.000314808914781606,0.000305348963867039,0.00072356003737504,0.000482464754455327
fields,0.00037713632793684,0.000183954606830216,0.000164281313893378,0.000482246284130361,0.00042695995969498
file,0.00317640894024692,0.00115872437910579,0.00267135701722275,0.00311649278479502,0.0031808516997276
filename,0.000205371267688378,2.65501494394126E-05,8.03549904913261E-05,0.000233689306064752,0.000307411170980385
files,0.00112020691466388,0.000885637127728976,0.00165174147121059,0.00130606780192144,0.00109301749681915
final,0.000307434564357754,0.000191540363812905,0.000139281983518299,0.000302309330684092,0.000469655955664478
find,0.00202135114379349,0.00231175944047456,0.00269278501468711,0.00196863226185706,0.00213906939807185
fine,0.000641007290057666,0.000263605055148453,0.000776764908082819,0.00141547861895338,0.00154559505409583
first,0.00174627811252603,0.00155697662069698,0.00146603215985286,0.00197130081837004,0.00231412298154679
float,0.000258892264722319,8.34433268095823E-05,3.21419961965304E-05,0.000247032088629624,0.000456847156873628
folder,0.000387093722733853,0.000121372111723029,0.000587484263814362,0.000475003059309431,0.000384263963725482
following,0.0015010772656496,0.000963391136801541,0.00145531816112068,0.00260603604609893,0.00277097013842042
font,0.000210349965086884,8.154688756391E-05,0.000155352981616564,0.000223396302371851,0.00042269036009803
foo,7.21911122783391E-05,0.000119475672477357,7.32123246698749E-05,0.000301546885966099,0.000149435985893243
for,0.0114161531347746,0.0139995145115531,0.0123425265394677,0.0101264095220196,0.00965356468870349
forced_lib,2.48934869925307E-06,1.89643924567233E-06,1.7856664553628E-06,3.81222358996333E-07,4.2695995969498E-06
form,0.00136789711023956,0.000527210110296907,0.000442845280929975,0.00116577797381079,0.00136627187102394
format,0.000641007290057666,0.000290155204587866,0.000373204289170826,0.000643122119626814,0.000482464754455327
found,0.00118492998084446,0.00151904783578353,0.00160174281046043,0.0013094988031524,0.00145166386296293
framework,0.000526497249892025,0.00162524843354118,0.000335705293608207,0.000444124048230728,0.000354376766546833
frameworks,0.000134424829759666,0.000726336231092501,7.85693240359633E-05,6.90012469783363E-05,5.12351951633976E-05
free,0.000365934258790201,0.00110183120173562,0.00111604153460175,0.000244744754475646,0.000315950370174285
from,0.00631298830130579,0.00493643135648506,0.00613197860771586,0.00634811472200694,0.00612260582202601
full,0.000323615330902899,0.000430491708767618,0.000501772273956948,0.000337000565352758,0.000367185565337683
function,0.0021669780426998,0.000730129109583845,0.000630340258743069,0.00267389362600028,0.00337725328118729
functions,0.000465508206760324,0.000601171240878127,0.000210708641732811,0.000433068599819834,0.000465386356067528
future,9.95739479701228E-05,0.000559449577473336,0.000264278635393695,0.000116654041852878,7.25831931481466E-05
g,0.000606156408268123,0.000523417231805562,0.000598198262546539,0.000694587138091319,0.000670327136721118
game,0.000545167365136423,0.000563242455964681,0.000398203619545905,0.000210815964524972,0.000384263963725482
gems,2.86275100414103E-05,6.25824951071867E-05,3.74989955626189E-05,5.8327020926439E-05,4.69655955664478E-05
general,0.000250179544274934,0.000635307147300229,0.000391060953724454,0.000209672297447983,0.000153705585490193
get,0.00400660673144782,0.00275931910245323,0.00402489219038776,0.00500926179721182,0.00486307394092582
getting,0.00106668591762994,0.000728232670338173,0.000933903556154746,0.00121876788171128,0.00160536944845312
give,0.00153468347308952,0.00102407719266306,0.00113211253270002,0.000667901572961575,0.00083684152100216
given,0.000672124148798329,0.000483592007646443,0.000655339589118149,0.000595469324752272,0.000576395945588223
go,0.00103805840758853,0.00143560450897395,0.00136246350544182,0.000985459798005521,0.000892346315762508
going,0.000638517941358413,0.00108665968777024,0.000935689222610109,0.000663708127012616,0.000751449529063164
good,0.00123969565222803,0.0045912794137727,0.00202673142683678,0.00086499353256268,0.000593474343976022
google,0.000947197180065794,0.00100131992171499,0.00147317482567431,0.000716698034913106,0.000730101531078415
got,0.000823974419452766,0.000737714866566535,0.00108925653777131,0.000903115768462313,0.00115279189117645
great,0.000408253186677504,0.000900808641694355,0.000585698597358999,0.000401045921664142,0.000354376766546833
group,0.000238977475128295,0.000182058167584543,0.000332133960697481,0.000343862567814692,0.000354376766546833
gui,0.000220307359883897,0.000430491708767618,0.000164281313893378,0.000123516044314812,7.68527927450964E-05
guys,0.000415721232775263,0.000548070941999302,0.000444630947385338,0.000163163169650431,0.000303141571383436
h,0.000537699319038663,0.000132750747197063,0.000212494308188174,0.000495970289054229,0.00105886070004355
had,0.000512805832046133,0.00106959173455919,0.00113568386561074,0.000624061001676997,0.000593474343976022
hard,0.000301211192609622,0.000648582222019935,0.000576770265082185,0.000240551308526686,0.00021347997984749
has,0.00247939130445606,0.00318981081122085,0.00339276626518933,0.00304329809186773,0.00260872535373633
have,0.0104565092112125,0.00955615735894285,0.010965777702383,0.0104542607507564,0.00871425277737454
having,0.000923548367422889,0.000942530305099146,0.000973188218172728,0.00111965006837223,0.0011229046939978
he,0.000446838091515926,0.000555656698981991,0.000519628938510576,0.000235214195500737,0.000324489569368185
head,0.000363444910090948,0.000201022560041267,0.000173209646170192,0.000356824128020568,0.000648979138736369
header,0.000400785140579744,0.00013844006493408,0.000158924314527289,0.000454798274282625,0.000700214333899767
height,0.000458040160662565,7.20646913355484E-05,0.000108925653777131,0.000611480663830118,0.000755719128660114
hello,0.000420699930173769,0.000199126120795594,0.000128567984786122,0.000273336431400371,0.000499543152843126
help,0.00606280875703085,0.00234589534689667,0.00372490022588681,0.00314279712756577,0.00495273553246177
here,0.00273206019743025,0.0019874683294646,0.00234993705525745,0.00346302390912269,0.00435499158888879
home,0.000297477169560742,0.000178265289093199,0.000653553922662786,0.00034614990196867,0.000533699949618725
host,0.000202881918989125,0.000201022560041267,0.000737480246064838,0.00025884998175851,0.000350107166949883
hosting,9.95739479701228E-05,0.000185851046075888,0.000449987946751426,8.46313636971859E-05,0.000119548788714594
hours,0.000230264754680909,0.000180161728338871,0.000355347624617198,0.000168500282676379,0.000358646366143783
how,0.0104689559547088,0.00485109159042981,0.00720694981384427,0.00728820905929189,0.00511924991674281
however,0.000689549589693101,0.00123647838817836,0.00149995982250475,0.00183253587969537,0.00132357587505444
href,0.00047795495025659,0.000149818700408114,0.000119639652509308,0.000528755411927914,0.000815493523017411
html,0.00187821359358644,0.00153421934974891,0.00113925519852147,0.00189505634657077,0.0022031133920261
html5,0.00015807364240257,0.000329980428746985,9.64259885895913E-05,9.41619226720943E-05,8.96615915359458E-05
http,0.00357968342952592,0.00345720874486065,0.00375168522271725,0.00389571128658353,0.00493565713407397
https,0.000326104679602152,0.000242744223446058,0.000455344946117515,0.000379316247201351,0.000533699949618725
i,0.0235691534845281,0.0186723408128897,0.0205548065676812,0.0187854941842623,0.0177871519208929
id,0.00170146983593947,0.000403941559328205,0.000583912930903637,0.00253284135317164,0.00270265654486922
ide,0.000136914178458919,0.00053858874577094,0.000110711320232494,9.53055897490833E-05,0.000106739989923745
idea,0.00122475956003251,0.00115682793986012,0.00106961420676232,0.000961061567029756,0.000922233512941156
ideas,0.000598688362170364,0.000517727914068545,0.000787478906814996,0.00084936341584383,0.000678866335915018
if,0.00748173751560511,0.00653892251907818,0.00715516548663875,0.00752075469827966,0.00788168085596933
im,0.00059619901347111,0.000286362326096521,0.000374989955626189,0.000356824128020568,0.000572126345991273
image,0.00155335358833392,0.000438077465750307,0.000944617554886923,0.0012061875438644,0.00118267908835509
images,0.000759251353272187,0.000360323456677742,0.000508914939778399,0.000615292887420081,0.000751449529063164
img,0.000257647590372693,5.68931773701698E-05,8.03549904913261E-05,0.000292778771709184,0.000503812752440076
implement,0.000904878252178491,0.000716854034864139,0.000301777630956314,0.000562302979519591,0.000345837567352934
implementation,0.000293743146511862,0.000472213372172409,0.000166066980348741,0.000366735909354472,0.000294602372189536
import,0.000551390736884555,0.000125164990214373,0.000173209646170192,0.000539429637979811,0.000883807116568608
important,0.000195413872891366,0.000567035334456025,0.000387489620813728,0.000174218618061324,0.000145166386296293
in,0.0170831554486242,0.013508336746924,0.0136442773854272,0.0141669853050217,0.012842955587625
include,0.000724400471482644,0.000403941559328205,0.000398203619545905,0.00066218323757663,0.00122537508432459
index,0.000556369434283061,0.000261708615902781,0.000507129273323036,0.000744527267119838,0.0010887478972222
info,0.000439370045418167,0.00027688012986816,0.000437488281563887,0.000487202174797314,0.000584935144782122
information,0.000943463157016914,0.00079081516544536,0.00108925653777131,0.000763969607428651,0.000691675134705867
init,0.000168031037199582,3.79287849134465E-05,0.000110711320232494,0.000321370448633909,0.00042269036009803
input,0.00133926960019815,0.000457041858207031,0.000374989955626189,0.0010296815916491,0.00155840385288668
insert,0.000541433342087543,0.000153611578899458,0.000132139317696847,0.000518081185876017,0.000734371130675365
inside,0.000466752881109951,0.000299637400816227,0.000301777630956314,0.000807047733995237,0.000623361541154671
install,0.000293743146511862,0.000263605055148453,0.00140531950037053,0.000328613673454839,0.000358646366143783
installed,0.000276317705617091,0.000189643924567233,0.00120175352445917,0.000382747248432318,0.000401342362113281
instance,0.000322370656553273,0.000305326718553244,0.000394632286635179,0.000666757905884586,0.00042269036009803
instead,0.000528986598591278,0.00070926827788145,0.000632125925198432,0.000943525338515924,0.000674596736318068
int,0.00171640592813499,0.000362219895923414,0.000196423310089908,0.00152717677013931,0.00283501413237467
integer,0.000367178933139828,8.154688756391E-05,7.14266582145121E-05,0.000303071775402085,0.000448307957679729
intent,9.58399249212432E-05,2.65501494394126E-05,3.21419961965304E-05,0.000152488943598533,0.000149435985893243
interested,0.00019416919854174,0.000805986679410738,0.000505343606867673,0.000151345276521544,8.96615915359458E-05
interface,0.000327349353951779,0.000512038596331528,0.000355347624617198,0.00043459348925582,0.000320219969771235
internal,0.000169275711549209,0.000136543625688407,0.000246421970840067,0.000198235626678093,0.000328759168965134
internet,0.000402029814929371,0.000390666484608499,0.00070712391632367,0.000238263974372708,0.000273254374204787
into,0.00218689283229382,0.00209366892722225,0.00200887476228315,0.0023700594058802,0.00215614779645965
io,0.000235243452079415,8.154688756391E-05,6.96409917591493E-05,0.000201285405550064,0.000337298368159034
ios,0.000256402916023066,0.000364116335169087,0.000344633625885021,0.000189467512421178,0.000230558378235289
ip,0.000238977475128295,8.7236205300927E-05,0.000719623581511209,0.000166212948522401,0.000187862382265791
iphone,0.000601177710869617,0.000517727914068545,0.000542842602430292,0.000366354686995476,0.000303141571383436
is,0.0149721877516576,0.0144906922761822,0.0156602948135318,0.014970602037786,0.0136328315130607
isn,0.000250179544274934,0.000553760259736319,0.000476772943581868,0.000514268962286053,0.000452577557276679
issue,0.000524007901192771,0.00040773443781955,0.000746408578341652,0.000836020633278958,0.000999086305686253
it,0.0123235207356523,0.0114089785019647,0.0130764354526218,0.0121213461266474,0.0114510661190194
item,0.000402029814929371,0.000117579233231684,0.000164281313893378,0.000672095018910535,0.000602013543169922
items,0.000364689584440575,0.000178265289093199,0.000182137978447006,0.000526849300132932,0.00042695995969498
its,0.00155957696008205,0.00138629708858647,0.00139639116809371,0.00140061094695253,0.00117840948875814
j,0.000393317094481985,6.82718128442037E-05,0.000121425318964671,0.000170787616830357,0.000674596736318068
java,0.00242213628437324,0.00295654878400316,0.00097497388462809,0.00125460278345693,0.00157975185087143
javascript,0.00128574860316421,0.00144887958369366,0.000457130612572878,0.00102167592211017,0.00134492387303919
javax,0.00012571210931228,7.5857569826893E-06,1.07139987321768E-05,0.000119322598365852,0.000187862382265791
jboss,3.23615330902899E-05,6.06860558615144E-05,3.92846620179817E-05,5.0321351387516E-05,2.56175975816988E-05
job,0.00019043517549286,0.000716854034864139,0.000562484933439283,0.000168881505035376,0.000175053583474942
jpg,0.000400785140579744,0.000109993476248995,0.000282135299947323,0.000343481345455696,0.000602013543169922
jquery,0.000978314038806457,0.000925462351888095,0.000246421970840067,0.0009564868987218,0.0010460519012527
js,0.000495380391151361,0.00054617450275363,0.000208922975277448,0.000563827868955577,0.000704483933496717
json,0.00028751977476373,0.000261708615902781,6.07126594823353E-05,0.000404476922895109,0.000311680770577335
just,0.00271339008218585,0.0039332149955244,0.00363204557020794,0.00305892820858658,0.00268984774607837
k,0.000272583682568211,7.96504483182377E-05,0.000162495647438015,0.000130378046776746,0.00042695995969498
keep,0.000329838702651032,0.000565138895210353,0.000612483594189441,0.00051045673869609,0.000576395945588223
kernel,6.47230661805798E-05,6.44789343528591E-05,0.000230350972741802,5.718335384945E-05,8.5391991938996E-05
key,0.000536454644689037,0.000339462624975346,0.000582127264448274,0.000788749060763413,0.000704483933496717
kind,0.000573794875177833,0.000917876594905406,0.000748194244797014,0.0004574668307956,0.000388533563322432
know,0.00445966819471188,0.00546743434527331,0.00519628938510576,0.0031816818081834,0.0030698421102069
knowledge,0.000236488126429042,0.000665650175230986,0.00038213262144764,0.000104454926364995,0.000157975185087143
l,0.000227775405981656,4.55145418961358E-05,0.000294634965134862,0.00022453996944884,0.000379994364128532
label,0.000243956172526801,6.44789343528591E-05,6.60696588484237E-05,0.000346912346686663,0.000328759168965134
lang,0.000217818011184644,7.77540090725653E-05,6.42839923930609E-05,0.000285535546888253,0.000469655955664478
language,0.000904878252178491,0.00244261374842596,0.000705338249868307,0.000397233698074179,0.000461116756470578
languages,0.000270094333868958,0.00119665316401924,0.000339276626518933,0.00011017326174994,5.97743943572972E-05
large,0.000296232495211115,0.000680821689196365,0.000453559279662152,0.000348056013763652,0.000230558378235289
last,0.000568816177779327,0.000578413969930059,0.00060534092836799,0.000630541781779935,0.000952120710119805
layout,0.000342285446147297,0.000197229681549922,0.00014642464933975,0.00043764326812779,0.000461116756470578
learn,0.000555124759933435,0.00217142293629481,0.000680338919493228,0.000164688059086416,0.00020921038025054
learning,0.000364689584440575,0.00155508018145131,0.000474987277126506,0.000162400724932438,0.00021774957944444
left,0.000634783918309533,0.000182058167584543,0.000314277296143853,0.00068505657911641,0.00104178230165575
length,0.000621092500463641,0.000128957868705718,0.000199994643000634,0.000588226099931342,0.0010802086980283
less,0.000250179544274934,0.000572724652193042,0.00041427461764417,0.000234451750782745,0.000268984774607837
let,0.000714443076685631,0.00073392198807519,0.000807121237823987,0.00067781335429548,0.000555047947603474
level,0.000328594028301405,0.000750989941286241,0.000512486272689124,0.000324039005146883,0.000230558378235289
li,0.000184211803744727,8.34433268095823E-05,3.03563297411676E-05,0.000243982309757653,0.00041415116090413
lib,0.000141892875857425,6.63753735985314E-05,0.000182137978447006,0.000279817211503308,0.000277523973801737
libraries,0.000217818011184644,0.000637203586545901,0.000212494308188174,0.000225683636525829,0.000153705585490193
library,0.000652209359204305,0.00113407066891205,0.000408917618278082,0.000802473065687281,0.000478195154858377
like,0.00569562982389103,0.00697320710633714,0.00576234565145576,0.00586815577203055,0.00359073326103478
line,0.00104179243063741,0.000532899428033924,0.000812478237190075,0.00139641750100357,0.00218176539404135
link,0.00123596162917915,0.000447559661978669,0.000953545887163737,0.000861562531331713,0.0011229046939978
linux,0.000328594028301405,0.000525313671051234,0.00137674883708472,0.000272573986682378,0.000247636776623088
list,0.00154961956528504,0.000974769772275575,0.000953545887163737,0.00159160334880969,0.00147728146054463
little,0.000404519163628624,0.00095390894057318,0.000614269260644804,0.000396471253356186,0.000341567967755984
ll,0.000321125982203646,0.000532899428033924,0.000482129942947957,0.000346912346686663,0.000311680770577335
load,0.00063229456961028,0.000339462624975346,0.000398203619545905,0.000902734546103317,0.000721562331884516
local,0.00035224284094431,0.000229469148726351,0.000685695918859316,0.000492539287823262,0.000452577557276679
location,0.000484178322004722,0.000151715139653786,0.000339276626518933,0.000487964619515306,0.000670327136721118
log,0.000418210581474516,0.000185851046075888,0.000628554592287707,0.000606524773163166,0.000695944734302817
login,0.000537699319038663,0.000227572709480679,0.00047141594421578,0.000357967795097557,0.000465386356067528
long,0.000524007901192771,0.000754782819777586,0.000685695918859316,0.000628254447625957,0.000730101531078415
look,0.000659677405302064,0.000910290837922716,0.000867833897306322,0.000675144797782506,0.000781336726241813
looking,0.00109157940462247,0.00310826392365694,0.00189816344205066,0.000894347654205397,0.000619091941557721
looks,0.000339796097448044,0.000531002988788251,0.000446416613840701,0.000767019386300622,0.000742910329869265
loop,0.000524007901192771,0.000170679532110509,0.000124996651875396,0.000478815282899394,0.000789875925435713
lot,0.000770453422418825,0.00176368849847526,0.0010946135371374,0.000648459232652763,0.000567856746394323
m,0.00411489339986533,0.00589982249328661,0.0052087890502933,0.00555440977057657,0.00482464754455327
mac,0.000171765060248462,0.000320498232518623,0.000610697927734079,0.000189086290062181,0.000230558378235289
machine,0.000282541077365224,0.000238951344954713,0.000905332892868941,0.000315652113248964,0.000337298368159034
made,0.000624826523512521,0.000650478661265608,0.000651768256207423,0.000541335749774793,0.000533699949618725
mail,0.000256402916023066,9.2925523037944E-05,0.000355347624617198,0.000130378046776746,0.00020921038025054
main,0.00139901396898023,0.000703578960144433,0.000616054927100167,0.0011848390917606,0.00222446139001084
make,0.00272085812828361,0.00243313155219759,0.00226065373248931,0.0021005351980698,0.00182311902789756
makes,0.000230264754680909,0.000576517530684387,0.000351776291706472,0.000378172580124362,0.000337298368159034
making,0.000506582460298,0.000648582222019935,0.000446416613840701,0.000439168157563776,0.00042695995969498
management,0.000174254408947715,0.000468420493681064,0.000378561288536914,0.000122753599596819,0.000111009589520695
many,0.0011538131221038,0.00192678227360308,0.00151781648705838,0.000916077328668188,0.000721562331884516
map,0.00034850881789543,0.000155508018145131,0.000194637643634546,0.000380078691919344,0.000311680770577335
margin,0.0001219780862634,3.22394671764295E-05,3.39276626518933E-05,0.000198998071396086,0.000328759168965134
market,7.46804609775921E-05,0.000161197335882148,0.000421417283465621,4.4603016002571E-05,8.5391991938996E-05
may,0.000616113803065135,0.000870465613763598,0.000798192905547173,0.000686581468552396,0.000623361541154671
maybe,0.000467997555459577,0.000849604782061202,0.000624983259376981,0.000456704386077607,0.000465386356067528
me,0.00770577889853788,0.00551105244792378,0.00581412997866129,0.00405086878669503,0.00555474907563169
mean,0.000545167365136423,0.000631514268808884,0.000639268591019883,0.000346531124327667,0.000350107166949883
memory,0.000464263532410698,0.000411527316310895,0.000333919627152844,0.000407145479408084,0.000367185565337683
menu,0.000317391959154767,0.000117579233231684,0.000183923644902369,0.000299640774171118,0.000525160750424825
message,0.000814017024655754,0.00024464066269173,0.000678553253037865,0.000978597795543587,0.00126807108029409
method,0.00143013082772089,0.000798400922428049,0.000526771604332027,0.00212988931971251,0.00186154542427011
methods,0.000410742535376757,0.000551863820490647,0.000210708641732811,0.000547816529877731,0.000371455164934632
microsoft,0.000298721843910369,0.000565138895210353,0.000514271939144487,0.000452892162487644,0.000350107166949883
might,0.00038087035098572,0.000804090240165066,0.000737480246064838,0.000539429637979811,0.00042695995969498
missing,0.000229020080331283,0.000347048381958036,0.000335705293608207,0.000618723888651049,0.000738640730272315
mobile,0.000354732189643563,0.000529106549542579,0.00038213262144764,0.000196329514883112,0.00020921038025054
model,0.000290009123462983,0.000413423755556567,0.000282135299947323,0.000691918581578344,0.000354376766546833
modules,0.000100818622319749,0.00019533324230425,0.000160709980982652,0.000127328267904775,0.000111009589520695
month,0.000173009734598088,0.000178265289093199,0.000230350972741802,0.000128090712622768,0.000234827977832239
more,0.00175748018167267,0.0036184060807428,0.00229636706159656,0.00164688059086416,0.00138761986900868
most,0.000674613497497582,0.00210884044118763,0.00115354053016437,0.000663708127012616,0.000456847156873628
much,0.00106170722023143,0.00212590839439868,0.00154460148388882,0.000912646327437221,0.000789875925435713
multiple,0.00059619901347111,0.000529106549542579,0.000462487611938966,0.000625585891112982,0.000345837567352934
must,0.000689549589693101,0.000639100025791574,0.000619626260010893,0.000617961443933056,0.000695944734302817
mvc,0.000265115636470452,0.000785125847708343,0.000135710650607573,0.000322132893351901,0.00020067118105664
my,0.00825592496107281,0.00733353056301488,0.010040802478505,0.00852146339064503,0.00816774402896496
myself,0.000209105290737258,0.000764265016005947,0.000524985937876664,0.000206241296217016,0.000187862382265791
mysql,0.000862559324291189,0.000735818427320862,0.000632125925198432,0.000500926179721182,0.000644709539139419
n,0.00102312231539301,0.000263605055148453,0.000448202280296064,0.000732328151631956,0.00158402145046837
name,0.00217071206574868,0.000739611305812207,0.00131246484469166,0.00254885269224948,0.00281366613438992
namespace,0.000267604985169705,9.67184015292886E-05,4.64273278394329E-05,0.000282104545657286,0.000550778348006524
nbsp,8.09038327257248E-05,9.48219622836163E-06,2.14279974643536E-05,7.51008047222776E-05,0.000187862382265791
need,0.00476461341037038,0.00362599183772549,0.00384275421194075,0.00355184871876883,0.00270265654486922
needs,0.000430657324970781,0.000648582222019935,0.000482129942947957,0.000465472500334523,0.000277523973801737
net,0.0017637035534208,0.0025355392714639,0.00128210851495049,0.00151497765465143,0.00146020306215683
network,0.000278807054316344,0.000252226419674419,0.000801764238457898,0.000199379293755082,0.000234827977832239
never,0.000333572725699911,0.000726336231092501,0.00057319893217146,0.000435355933973812,0.000444038358082779
new,0.00390703278347769,0.00298878825117959,0.00256957402926707,0.00411300803121144,0.00450869717437899
next,0.000734357866279656,0.000542381624262285,0.000478558610037231,0.00066218323757663,0.000956390309716755
nice,0.000191679849842486,0.000646685782774263,0.000333919627152844,0.000223396302371851,0.000123818388311544
no,0.0021483079274554,0.00195902174077951,0.00285706632858048,0.00266207573287139,0.00302287651464046
node,0.000227775405981656,0.000216194074006645,0.000141067649973661,0.000281342100939294,0.000298871971786486
non,0.000262626287771199,0.000458938297452703,0.000487486942314045,0.000361017573969527,0.000286063172995636
none,0.000318636633504393,0.000208608317023956,0.000330348294242119,0.000448698716538684,0.000550778348006524
not,0.00642500899277218,0.00690303885424727,0.00777657741310501,0.00734234263426937,0.00717719692247261
nothing,0.000424433953222649,0.00035842701743207,0.000589269930269725,0.000584413876341379,0.000666057537124168
now,0.00226904133936917,0.00265691138318693,0.00279813933555351,0.00252292957183773,0.0021604173960566
nsstring,0.000104552645368629,2.27572709480679E-05,5.35699936608841E-06,0.000221108968217873,0.000192131981862741
null,0.000908612275227371,0.000164990214373492,0.000176780979080917,0.00129539357586954,0.00167795264160127
number,0.00142390745597276,0.000686511006933382,0.00101604421310143,0.00107352216293367,0.00155413425328973
numbers,0.000480444298955843,0.000180161728338871,0.000287492299313411,0.000248556978065609,0.000461116756470578
o,0.000322370656553273,0.00016309377512782,0.000273206967670509,0.000287441658683235,0.000525160750424825
obj,0.000114510040165641,6.06860558615144E-05,2.32136639197164E-05,0.000140671050469647,0.00021347997984749
object,0.00110029212506986,0.000735818427320862,0.000335705293608207,0.00177992719415388,0.00138761986900868
objects,0.000359710887042069,0.000398252241591188,0.000128567984786122,0.000584413876341379,0.000303141571383436
of,0.0119501184307644,0.0135462655318374,0.0125050221869057,0.0116009776066174,0.00996951505887778
off,0.00031241326175626,0.000460834736698375,0.000657125255573511,0.000415913593664999,0.00041415116090413
on,0.00818622319749372,0.00878620302519989,0.0106586430720606,0.00810821835349301,0.00736932890433535
one,0.00423438213742947,0.00475437318890052,0.00414810317580779,0.00375542145847288,0.00323635649448795
online,0.000387093722733853,0.000644789343528591,0.000566056266350008,0.000176505952215302,0.000281793573398687
only,0.00231011559290685,0.00234020602915965,0.00278028267099988,0.00286183624898547,0.00231412298154679
open,0.0011351430068594,0.00128388936932016,0.00137674883708472,0.0009980401358524,0.00105032150084965
option,0.00043812537106854,0.000494970643120477,0.000641054257475246,0.000592800768239298,0.000465386356067528
options,0.000313657936105887,0.000470316932926737,0.00052855727078739,0.000454417051923629,0.000303141571383436
or,0.00632792439350131,0.00898912202448682,0.0078105050757569,0.0057282471662789,0.00468802035745088
order,0.000650964684854678,0.000580310409175732,0.000637482924564521,0.000773881388762556,0.000738640730272315
org,0.00059619901347111,0.000828743950358806,0.000741051578975563,0.000834876966201969,0.000900885514956407
os,0.000341040771797671,0.000347048381958036,0.000742837245430926,0.000316795780325953,0.000444038358082779
other,0.00221552034233523,0.00395976514496382,0.00330169727596582,0.0024531658801414,0.00188716302185181
others,0.000248934869925307,0.000622032072580523,0.000416060284099533,0.000199760516114079,0.000115279189117645
our,0.00051031648334688,0.000989941286240954,0.00114104086497683,0.000536761081466837,0.000520891150827875
out,0.00251299751189598,0.0029394808307921,0.0027749256716338,0.00274975687544055,0.00330893968763609
output,0.00085135725514455,0.000282569447605177,0.000435702615108524,0.000837164300355947,0.00127661027948799
over,0.00066839012574945,0.00123647838817836,0.000960688552985188,0.000754439048453743,0.000657518337930269
override,0.000238977475128295,4.74109811418081E-05,5.71413265716097E-05,0.000408670368844069,0.000409881561307181
own,0.000584996944324472,0.00102976651040007,0.000937474889065471,0.000621011222805026,0.000358646366143783
p,0.000724400471482644,0.000422905951784929,0.000508914939778399,0.000724703704452029,0.00115279189117645
package,0.000296232495211115,0.000170679532110509,0.000387489620813728,0.000319845559197923,0.000478195154858377
padding,0.000118244063214521,1.32750747197063E-05,2.14279974643536E-05,0.000159350946060467,0.000298871971786486
page,0.00232754103380162,0.000936840987362129,0.00163924180602305,0.00204411428893834,0.00236962777630714
pages,0.000411987209726383,0.0005139350355772,0.000569627599260734,0.000392277807407227,0.000486734354052277
parameters,0.000235243452079415,0.000176368849847526,0.000160709980982652,0.000367498354072465,0.000388533563322432
parent,0.000216573336835017,7.5857569826893E-05,8.21406569466889E-05,0.000372835467098414,0.000294602372189536
part,0.000654698707903558,0.00067702881070502,0.000594626929635813,0.000745670934196827,0.000747179929466215
pass,0.000424433953222649,0.000216194074006645,0.000192851977179183,0.000572595983212492,0.00041415116090413
password,0.000497869739850614,0.000149818700408114,0.000548199601796381,0.000407145479408084,0.000648979138736369
path,0.000436880696718914,0.000201022560041267,0.000455344946117515,0.000691537359219348,0.000520891150827875
pc,0.000173009734598088,0.000142232943425424,0.000480344276492594,0.000120466265442841,0.000123818388311544
people,0.000515295180745386,0.00159111252711908,0.00111782720105711,0.000340812788942722,0.00021774957944444
performance,0.000311168587406634,0.000781332969216998,0.000330348294242119,0.000292778771709184,0.000111009589520695
phone,0.000419455255824142,0.000238951344954713,0.000485701275858682,0.000242457420321668,0.000281793573398687
php,0.00310795185101746,0.00254502146769226,0.0016803121344964,0.00145474452193001,0.00302714611423741
place,0.000419455255824142,0.000508245717840183,0.000630340258743069,0.000471190835719468,0.000384263963725482
platform,0.000253913567323813,0.000722543352601156,0.000298206298045588,0.000159732168419464,0.000179323183071892
player,0.000212839313786138,0.000104304158511978,0.000166066980348741,0.000134571492725706,0.000196401581459691
please,0.00508573939257402,0.0023781348140731,0.002726712677339,0.00184740355169623,0.00329186128924829
png,0.000545167365136423,0.000149818700408114,0.000524985937876664,0.000638928673677854,0.000764258327854014
point,0.000659677405302064,0.00104493802436545,0.00094283188843156,0.000835258188560966,0.000695944734302817
port,0.00019416919854174,0.000134647186442735,0.000517843272055213,0.000219965301140884,0.00021347997984749
position,0.000414476558425636,0.000202918999286939,0.000237493638563253,0.000450986050692662,0.000533699949618725
possible,0.00178361834301483,0.00124406414516105,0.00176066712498772,0.00168538404912279,0.00084965031979301
post,0.000992005456652349,0.000646685782774263,0.000692838584680767,0.000909596548565251,0.00119975748674289
pretty,0.00028751977476373,0.00073392198807519,0.000512486272689124,0.000368260798790458,0.000260445575413938
print,0.000733113191930029,0.000151715139653786,0.000212494308188174,0.000501307402080178,0.000994816706089303
printf,0.000236488126429042,4.74109811418081E-05,1.60709980982652E-05,0.000127709490263772,0.000439768758485829
println,0.000347264143545803,5.31002988788251E-05,2.32136639197164E-05,0.000227589748320811,0.000589204744379072
private,0.000629805220911027,0.000246537101937402,0.000326776961331393,0.000820009294201112,0.0010460519012527
probably,0.000206615942038005,0.000574621091438715,0.000399989286001268,0.000295447328222158,0.000247636776623088
problem,0.00242462563307249,0.00117389589307117,0.00237493638563253,0.00307532077002342,0.00348826287070799
problems,0.000346019469196177,0.000623928511826195,0.000478558610037231,0.000438024490486787,0.000473925555261428
process,0.000648475336155425,0.000659960857493969,0.000812478237190075,0.000688106357988381,0.000602013543169922
product,0.000268849659519332,0.000366012774414759,0.000469630277760417,0.000231401971910774,0.000251906376220038
program,0.00175125680992454,0.00101838787492604,0.00100890154727998,0.000887104429384467,0.00146447266175378
programmer,0.000201637244639499,0.00084770834281553,0.000391060953724454,6.36641339523876E-05,8.5391991938996E-05
programming,0.000932261087870275,0.00257346805637735,0.00115889752953046,0.000269524207810407,0.000286063172995636
project,0.00150356661434885,0.00233451671142263,0.00127853718203977,0.00127671368027872,0.0011399830923856
projects,0.000257647590372693,0.00102028431417171,0.000512486272689124,0.000282866990375279,0.000230558378235289
properties,0.000173009734598088,0.000168783092864837,0.000126782318330759,0.00043459348925582,0.00021774957944444
property,0.000212839313786138,0.000109993476248995,0.000110711320232494,0.000686962690911392,0.00041415116090413
provide,0.000683326217944968,0.000720646913355484,0.000571413265716097,0.000370929355303432,0.000315950370174285
public,0.0013367802514989,0.000457041858207031,0.000526771604332027,0.00185579044359415,0.00227569658517424
put,0.000827708442501646,0.000561346016719008,0.000780336240993545,0.000852794417074797,0.000879537516971658
python,0.000740581238027789,0.00138060777084945,0.000451773613206789,0.000460897832026567,0.00041415116090413
q,0.000211594639436511,9.48219622836163E-05,0.000180352311991643,0.00017879328636928,0.000350107166949883
query,0.000779166142866211,0.000292051643833538,0.000266064301849058,0.00101748247616121,0.000939311911328956
question,0.00181971389915399,0.00301344196137333,0.00257135969572244,0.00173303684399733,0.00122964468392154
questions,0.000716932425384884,0.00156456237767967,0.00102318687892289,0.000833352076765984,0.000593474343976022
quite,0.000304945215658501,0.00078322940846267,0.000517843272055213,0.000390371695612245,0.000234827977832239
r,0.000641007290057666,0.000197229681549922,0.000449987946751426,0.000653796345678711,0.000999086305686253
rails,0.000156828968052943,0.000532899428033924,0.000185709311357732,0.000332425897044802,0.000149435985893243
rather,0.000204126593338752,0.000680821689196365,0.000437488281563887,0.000429637598588867,0.000247636776623088
rb,3.11168587406634E-05,1.1378635474034E-05,3.21419961965304E-05,0.000141814717546636,0.000136627187102394
re,0.000318636633504393,0.000720646913355484,0.000657125255573511,0.000507406959824119,0.00042269036009803
read,0.00130441871840861,0.00168783092864837,0.00126068051748614,0.00112879940498814,0.00110155669601305
reading,0.000383359699684973,0.000762368576760275,0.000521414604965938,0.00037321668945741,0.000281793573398687
real,0.000337306748748791,0.000796504483182377,0.00051605760559985,0.000273717653759367,0.000157975185087143
really,0.00108037733547583,0.00234589534689667,0.00164281313893378,0.00101328903021225,0.00102470390326795
reason,0.000346019469196177,0.000629617829563212,0.00056069926698392,0.000559634423006617,0.000755719128660114
recently,0.000199147895940246,0.000661857296739642,0.000646411256841335,0.000202810294986049,0.000268984774607837
recommend,0.000116999388864894,0.00113596710815772,0.0003696329562601,8.00566953892299E-05,7.68527927450964E-05
reference,0.00034850881789543,0.000390666484608499,0.000226779639831076,0.000578314318597437,0.000478195154858377
related,0.000302455866959248,0.000580310409175732,0.000541056935974929,0.000311458667300004,0.000260445575413938
remove,0.000389583071433106,0.000157404457390803,0.000403560618911993,0.000540192082697804,0.00063190074034857
request,0.000543922690786796,0.00026929437288547,0.000449987946751426,0.000798660842097318,0.000678866335915018
required,0.000339796097448044,0.000318601793272951,0.000364275956894012,0.000397233698074179,0.00043122955929193
resources,0.000246445521226054,0.000629617829563212,0.000319634295509942,0.00028172332329829,0.000149435985893243
response,0.000392072420132359,0.00016309377512782,0.000219636974009625,0.000509313071619101,0.000486734354052277
result,0.00097706936445683,0.00032618755025564,0.000376775622081551,0.00106780382754873,0.00141750706618733
results,0.00044185939411742,0.000366012774414759,0.00041427461764417,0.000629779337061942,0.00062763114075162
return,0.00185207543224428,0.000531002988788251,0.000466058944849692,0.00235137951028938,0.00340287087876899
returns,0.000398295791880491,0.000153611578899458,0.000144638982884387,0.000670188907115553,0.000653248738333319
rewriterule,7.46804609775921E-06,1.89643924567233E-06,0.000148210315795113,5.75645762084463E-05,5.12351951633976E-05
right,0.00116252584255118,0.00122699619194999,0.00120532485736989,0.00144292662880112,0.00158402145046837
root,0.000238977475128295,7.20646913355484E-05,0.00064998258975206,0.000366354686995476,0.00042695995969498
row,0.000552635411234182,0.00013844006493408,0.000135710650607573,0.000686200246193399,0.000905155114553357
rows,0.000405763837978251,0.00011378635474034,0.000116068319598582,0.000501688624439174,0.000444038358082779
ruby,0.00021906268553427,0.000836329707341496,0.000257135969572244,0.000259231204117506,0.000128087987908494
run,0.00139403527158172,0.000902705080940027,0.00146067516048677,0.00170025172112365,0.00181457982870366
running,0.000648475336155425,0.000531002988788251,0.00137496317062936,0.00100947680662229,0.000960659909313705
s,0.00405888305413213,0.00548829517697571,0.00518736105282894,0.00515222018183544,0.00495700513205872
same,0.00177490562256744,0.00139198640632349,0.00193030543824719,0.00224768702864238,0.00191278061943351
sample,0.000609890431317002,0.000261708615902781,0.000201780309455997,0.000361398796328524,0.000401342362113281
save,0.000659677405302064,0.00026929437288547,0.000353561958161835,0.000600806437778221,0.000542239148812624
say,0.000769208748069199,0.000995630603977971,0.000949974554253011,0.000782649503019472,0.000529430350021775
screen,0.000570060852128953,0.000254122858920092,0.000519628938510576,0.00053333008023587,0.000486734354052277
script,0.00128450392881458,0.000449456101224341,0.000674981920127139,0.00117149630919573,0.00165660464361652
search,0.000828953116851273,0.000500659960857494,0.000810692570734712,0.000585557543418367,0.000606283142766871
second,0.000654698707903558,0.000415320194802239,0.000482129942947957,0.000780362168865494,0.000905155114553357
security,0.000260136939071946,0.000309119597044589,0.000455344946117515,0.000266855651297433,0.000303141571383436
see,0.00125214239572429,0.00164800570448925,0.00192673410533646,0.0018089000934376,0.00203659900774505
seem,0.000414476558425636,0.000771850772988637,0.000683910252403953,0.000839070412150929,0.000687405535108917
seems,0.000588730967373351,0.00155697662069698,0.00118211119345018,0.00126756434366281,0.00104178230165575
seen,0.000296232495211115,0.000661857296739642,0.000491058275224771,0.000367117131713469,0.000307411170980385
select,0.00118244063214521,0.000312912475535934,0.000353561958161835,0.00145741307844298,0.00167795264160127
selected,0.000318636633504393,8.53397660552546E-05,0.00014642464933975,0.000416676038382992,0.000362915965740733
self,0.000291253797812609,0.000216194074006645,0.000198208976545271,0.000606905995522162,0.000499543152843126
send,0.00102063296669376,0.000356530578186397,0.000619626260010893,0.000649602899729752,0.00063190074034857
server,0.00205869137428229,0.00170869176035077,0.00329276894368901,0.0019129737974436,0.00172064863757077
servers,0.000115754714515268,0.000254122858920092,0.000469630277760417,0.00012160993251983,0.000102470390326795
service,0.000561348131681567,0.000532899428033924,0.000769622242261368,0.000691156136860352,0.000465386356067528
services,0.000247690195575681,0.000390666484608499,0.000469630277760417,0.000248175755706613,0.000162244784684092
session,0.000238977475128295,0.000115682793986012,0.000155352981616564,0.000347674791404656,0.000307411170980385
set,0.00133055687975077,0.000794608043936704,0.00158388614590681,0.00247337066516821,0.00194693741620911
setup,0.000182967129395101,0.000225676270235007,0.000624983259376981,0.000374741578893395,0.000303141571383436
several,0.000304945215658501,0.000532899428033924,0.000544628268885655,0.000475384281668427,0.000239097577429189
share,0.000369668281839081,0.000449456101224341,0.000499986607501585,0.000189467512421178,0.000162244784684092
should,0.00297477169560742,0.00382701439776675,0.00274635500834799,0.00249128811604104,0.0020494078065359
show,0.00136540776154031,0.000504452839348839,0.000721409247966572,0.00123287310899414,0.0011570614907734
side,0.000410742535376757,0.000648582222019935,0.000423202949920984,0.000450223605974669,0.000315950370174285
similar,0.000584996944324472,0.000986148407749609,0.000730337580243386,0.0006133867756251,0.00041842076050108
simple,0.00134673764629591,0.00142991519123693,0.000899975893502853,0.0012580337846879,0.0010887478972222
since,0.000570060852128953,0.00120992823873894,0.00114818353079828,0.000876811425691566,0.000597743943572972
single,0.000451816788914432,0.000500659960857494,0.000523200271421301,0.000579457985674426,0.00043122955929193
site,0.0012757912083672,0.00128388936932016,0.00193387677115792,0.000823821517791076,0.00116987028956424
sites,0.000210349965086884,0.000455145418961358,0.000646411256841335,0.000149820387085559,0.000153705585490193
size,0.000771698096768452,0.000339462624975346,0.000537485603064204,0.000815434625893156,0.0011570614907734
sizeof,0.000107041994067882,1.1378635474034E-05,1.7856664553628E-05,9.94990356980429E-05,0.000264715175010887
small,0.000431901999320408,0.000828743950358806,0.000608912261278716,0.000379697469560348,0.000350107166949883
so,0.00537948253908589,0.00658443706097431,0.00647839790005625,0.00600997048957719,0.00470936835543563
software,0.0004455934171663,0.00131802527574227,0.00150174548896012,0.000201285405550064,0.000226288778638339
solution,0.000947197180065794,0.000870465613763598,0.000973188218172728,0.00099384668990344,0.000666057537124168
some,0.00467873088024615,0.00638151806168738,0.00519628938510576,0.00426702186424596,0.00332174848642694
someone,0.00126209979052131,0.00116251725759714,0.00129282251368267,0.000833352076765984,0.00125526228150324
something,0.00172387397423275,0.00262656835525617,0.00206065908948867,0.00238263974372708,0.00173345743636162
source,0.000988271433603469,0.0013976757240605,0.0012481808522986,0.000892822764769412,0.0010716694988344
span,0.000159318316752197,3.98252241591188E-05,4.10703284733445E-05,0.000195185847806123,0.000324489569368185
specific,0.00057130552647858,0.000804090240165066,0.000703552583412944,0.000648840455011759,0.000405611961710231
spring,9.70845992708698E-05,0.000316705354027278,5.17843272055213E-05,0.000148295497649574,9.82007907298454E-05
springframework,2.36488126429042E-05,1.89643924567233E-06,1.7856664553628E-06,5.45147973364756E-05,8.11223923420462E-05
sql,0.000894920857381479,0.00087236205300927,0.000721409247966572,0.000821915405996094,0.000917963913344207
src,0.000433146673670034,5.68931773701698E-05,0.000149995982250475,0.000547435307518734,0.000789875925435713
ssh,3.23615330902899E-05,2.08608317023956E-05,0.000430345615742435,4.9177684310527E-05,2.56175975816988E-05
stack,0.00057130552647858,0.000441870344241652,0.000632125925198432,0.00062482344639499,0.000764258327854014
stackoverflow,0.00043812537106854,0.000952012501327508,0.000596412596091176,0.000621773667523019,0.00043122955929193
standard,0.000237732800778668,0.0005139350355772,0.000385703954358365,0.000345768679609674,0.00021347997984749
start,0.00142390745597276,0.00162714487278686,0.00130175084595948,0.00101328903021225,0.00124672308230934
started,0.000405763837978251,0.000836329707341496,0.000601769595457264,0.000379316247201351,0.000409881561307181
static,0.000781655491565464,0.000345151942712363,0.0002928492986795,0.000803235510405274,0.00116133109037035
status,0.000303700541308875,0.000100511280020633,0.000260707302482969,0.000380841136637337,0.000503812752440076
std,0.000240222149477921,7.5857569826893E-05,4.28559949287073E-05,0.000186036511190211,0.000478195154858377
still,0.00072937916888115,0.00123458194893268,0.00139996250100444,0.00103844970590601,0.00111863509440085
store,0.000735602540629282,0.000453248979715686,0.000682124585948591,0.000554678532339665,0.000537969549215675
string,0.00214955260180503,0.000551863820490647,0.000323205628420667,0.00247985144527115,0.00298871971786486
struct,0.000174254408947715,5.12038596331528E-05,1.60709980982652E-05,0.000151726498880541,0.000320219969771235
studio,0.000288764449113356,0.000512038596331528,0.000244636304384704,0.000325563894582868,0.000328759168965134
stuff,0.000311168587406634,0.000754782819777586,0.000499986607501585,0.000389990473253249,0.000350107166949883
style,0.000530231272940904,0.000458938297452703,0.000216065641098899,0.000654177568037708,0.000789875925435713
submit,0.000487912345053602,0.000109993476248995,0.000162495647438015,0.000376647690688377,0.00063190074034857
such,0.00104552645368629,0.0017750671339493,0.00148388882440649,0.0010079519171863,0.000657518337930269
suggest,0.0006285605465614,0.00102976651040007,0.000585698597358999,0.000271811541964385,0.000239097577429189
suggestions,0.000421944604523396,0.000834433268095823,0.000719623581511209,0.000473096947514449,0.000384263963725482
sun,0.000112020691466388,7.20646913355484E-05,9.46403221342285E-05,0.000134952715084702,0.000179323183071892
super,0.000237732800778668,0.000123268550968701,7.49979911252377E-05,0.000340050344224729,0.000444038358082779
support,0.000338551423098418,0.00108855612701592,0.000773193575172094,0.000452892162487644,0.000384263963725482
sure,0.000809038327257248,0.00113027779042071,0.00125532351812005,0.0011539600806819,0.00109301749681915
syntax,0.000252668892974187,0.000424802391030601,0.000144638982884387,0.000290491437555206,0.000704483933496717
system,0.00165915090805217,0.0013294039112163,0.00175352445916627,0.00151345276521544,0.00188716302185181
t,0.00480817701260731,0.00574431447514147,0.00641054257475246,0.00612738697614806,0.00588350824459682
table,0.00149111987085259,0.000493074203874805,0.000474987277126506,0.00151688376644641,0.00130222787706969
tag,0.000286275100414103,0.000170679532110509,0.000185709311357732,0.000451748495410655,0.000367185565337683
take,0.000771698096768452,0.000895119323957338,0.000873190896672411,0.000600425215419224,0.000567856746394323
td,0.000242711498177174,3.22394671764295E-05,3.21419961965304E-05,0.000197473181960101,0.000401342362113281
team,0.000112020691466388,0.000474109811418081,0.000373204289170826,0.000100261480416036,9.82007907298454E-05
technology,0.000171765060248462,0.000536692306525268,0.00024820763729543,3.96471253356186E-05,5.12351951633976E-05
tell,0.00110029212506986,0.000688407446179054,0.000824977902377615,0.000652652678601722,0.00084965031979301
temp,0.000150605596304811,1.51715139653786E-05,8.21406569466889E-05,0.00014867672000857,0.000298871971786486
template,0.000252668892974187,0.000210504756269628,0.000160709980982652,0.000375122801252392,0.000294602372189536
test,0.000825219093802393,0.000610653437106489,0.000792835906181084,0.00118750764827358,0.00145166386296293
testing,0.000201637244639499,0.000460834736698375,0.000291063632224137,0.000313746001453982,0.000294602372189536
text,0.00226032861892179,0.000842019025078513,0.000832120568199066,0.00225416780874532,0.00262153415252718
than,0.00103307971019002,0.00196281461927086,0.00137496317062936,0.00112498718139818,0.000806954323823512
thank,0.00149734324260072,0.00101269855718902,0.00122496718837888,0.000877955092768555,0.00106739989923745
thanks,0.00636899864703898,0.00446042510582131,0.00549092435024062,0.00468712890385991,0.00458128036752713
that,0.0101241811598622,0.0116782728748502,0.0115032633054472,0.0107192102902589,0.0084965031979301
the,0.0193148565575046,0.0169901992019784,0.0184923618117372,0.0175270791772154,0.0163696448547055
their,0.00085509127819343,0.00150577276106383,0.00143924716302242,0.000746814601273816,0.000576395945588223
them,0.0015384174961384,0.00234399890765099,0.00208030142049767,0.00167166004419892,0.00112717429359475
then,0.00277313445096792,0.00202539711437804,0.00247493370713284,0.00310505611402513,0.00253187256099123
there,0.00462520988321221,0.00695993203161744,0.00674981920127139,0.00583308331500289,0.00374443884652497
these,0.00133553557714927,0.0021657336185578,0.00190709177432747,0.00149324798018864,0.00110155669601305
they,0.00149485389390147,0.00262656835525617,0.00263028668874941,0.00151269032049745,0.00138335026941173
thing,0.000619847826114015,0.000950116062081835,0.00084104890047588,0.000707548698297194,0.000644709539139419
things,0.000602422385219243,0.0016100769195758,0.000999973215003169,0.000582888986905393,0.000448307957679729
think,0.000990760782302722,0.00237054905709041,0.00144460416238851,0.00101557636436623,0.000977738307701504
thinking,0.000334817400049538,0.000889430006220321,0.000512486272689124,0.000296590995299147,0.000128087987908494
this,0.011971277894708,0.00858518046515862,0.0108550663821505,0.0123554166550712,0.011907913275893
those,0.000623581849162894,0.000923565912642423,0.00079640723909181,0.000650365344447744,0.000516621551230926
though,0.000262626287771199,0.000576517530684387,0.000498200941046222,0.000489870731310288,0.00042695995969498
thought,0.000293743146511862,0.000604964119369472,0.000460701945483603,0.000435737156332809,0.000392803162919381
thread,0.000375891653587214,0.000246537101937402,0.000155352981616564,0.000484152395925343,0.000491003953649227
through,0.00104303710498704,0.00100700923945201,0.00122675285483425,0.0011120256211923,0.000883807116568608
time,0.0023076262442076,0.00293568795230076,0.00255171736471345,0.00205288240319525,0.00205367740613285
times,0.000399540466230118,0.000457041858207031,0.000514271939144487,0.000417819705459981,0.000478195154858377
title,0.00066839012574945,0.000259812176657109,0.000291063632224137,0.00075367660373575,0.00100762550488015
to,0.022589594771372,0.0183309817486687,0.0201405319500371,0.0180078005719098,0.0158103273075051
too,0.000637273267008786,0.00132750747197063,0.000937474889065471,0.00064350334198581,0.000525160750424825
tool,0.00028751977476373,0.000775643651479981,0.000498200941046222,0.000252750424014569,0.000119548788714594
tools,0.000286275100414103,0.00095390894057318,0.000514271939144487,0.000226827303602818,0.000251906376220038
top,0.000530231272940904,0.000369805652906103,0.000460701945483603,0.000638928673677854,0.000866728718180809
tostring,0.000303700541308875,5.12038596331528E-05,4.10703284733445E-05,0.000363304908123505,0.000512351951633976
total,0.000367178933139828,0.000140336504179752,0.000271421301215146,0.000218821634063895,0.000397072762516331
tr,0.000291253797812609,3.03430279307572E-05,5.17843272055213E-05,0.000252750424014569,0.000448307957679729
tried,0.00117995128344596,0.000754782819777586,0.00165531280412132,0.00203420250760443,0.00197682461338776
true,0.00110776017116762,0.000458938297452703,0.000403560618911993,0.0016423059225562,0.00198963341217861
try,0.00123098293178064,0.000745300623549224,0.00126960884976295,0.00163353780829929,0.00198963341217861
trying,0.0020636700716808,0.0012952680047942,0.00209280108568521,0.00295561694929857,0.00301006771584961
tutorial,0.000431901999320408,0.000591689044649766,0.000230350972741802,0.000215390632832928,0.000226288778638339
tutorials,0.000313657936105887,0.00067702881070502,0.000251778970206155,0.000146008163495596,0.000157975185087143
two,0.00145004561731491,0.00132181815423361,0.00130353651241485,0.00159236579352768,0.00126380148069714
txt,0.000390827745782732,6.82718128442037E-05,0.000187494977813094,0.00024321986503966,0.00041842076050108
type,0.0018060224813081,0.000879947809991959,0.000992830549181718,0.00226331714536123,0.00263434295131803
u,0.000394561768831612,9.86148407749609E-05,0.00028034963349196,0.000213484521037946,0.000358646366143783
ubuntu,0.000141892875857425,0.000136543625688407,0.00108747087131595,0.000125040933750797,0.000170783983877992
ui,0.000293743146511862,0.000481695568400771,0.00017856664553628,0.000397614920433175,0.000324489569368185
ul,0.000136914178458919,5.87896166158421E-05,2.32136639197164E-05,0.000181461842882255,0.000333028768562084
under,0.000302455866959248,0.000335669746484002,0.000612483594189441,0.000422394373767937,0.000392803162919381
understand,0.000835176488599405,0.00104493802436545,0.000848191566297331,0.000710979699528161,0.000653248738333319
up,0.00148116247605558,0.00233830958991398,0.00284635232984831,0.00215962466371423,0.00201098141016335
update,0.000576284223877086,0.000341359064221019,0.000549985268251743,0.000747195823632813,0.00064043993954247
url,0.000917324995674757,0.000242744223446058,0.000603555261912627,0.00119093864950454,0.00124245348271239
us,0.000405763837978251,0.00062772139031754,0.00069462425113613,0.000381222358996333,0.00041415116090413
use,0.0043812537106854,0.00597378362386783,0.00453916412953224,0.00446906971451401,0.0031808516997276
used,0.00147867312735632,0.0022890021695265,0.00173566779461264,0.00145741307844298,0.00128514947868189
useful,0.000282541077365224,0.000737714866566535,0.000376775622081551,0.000159350946060467,8.96615915359458E-05
user,0.00276442173052054,0.00155887305994265,0.00193744810406864,0.00255495224999342,0.00199817261137251
username,0.000419455255824142,9.86148407749609E-05,0.000226779639831076,0.000361398796328524,0.000546508748409574
users,0.000913590972625877,0.000878051370746287,0.00121603885610207,0.000877192648050562,0.000811223923420462
uses,0.000415721232775263,0.000536692306525268,0.000474987277126506,0.000590894656444316,0.000469655955664478
using,0.00587610760458687,0.00478661265607695,0.00454987812826442,0.00617122754743264,0.00476914274979292
usr,8.46378557746044E-05,1.89643924567233E-05,0.000330348294242119,0.000174981062779317,0.000234827977832239
v,0.000298721843910369,9.67184015292886E-05,0.000249993303750792,0.000292016326991191,0.000491003953649227
val,0.00012571210931228,3.41359064221019E-05,2.32136639197164E-05,0.000207766185653002,0.000311680770577335
value,0.0018620328270413,0.00043997390499598,0.000494629608135496,0.00226446081243822,0.00252760296139428
values,0.000972090667058324,0.00026929437288547,0.000257135969572244,0.00107619071944665,0.00124245348271239
var,0.000724400471482644,0.000182058167584543,0.00032499129487603,0.00131369224910136,0.00144739426336598
variable,0.000649720010505051,0.000263605055148453,0.000173209646170192,0.000668282795320572,0.000815493523017411
ve,0.00140274799202911,0.00316326066178144,0.00260350169191897,0.00246155277203932,0.0021689565952505
version,0.000688304915343474,0.000749093502040569,0.00117675419408409,0.00100108991472437,0.00126380148069714
very,0.00138656722548396,0.00243313155219759,0.00186066444648804,0.00118445786940161,0.00111009589520695
via,0.000421944604523396,0.000352737699695053,0.000803549904913261,0.000686200246193399,0.000461116756470578
video,0.000431901999320408,0.000320498232518623,0.000462487611938966,0.000223015080012855,0.000192131981862741
view,0.000963377946610938,0.000601171240878127,0.000544628268885655,0.00140251705874751,0.00107593909843135
virtual,0.000145626898906305,0.00013844006493408,0.00045891627902824,0.000166975393240394,0.000187862382265791
visual,0.000372157630538334,0.000639100025791574,0.000271421301215146,0.000397614920433175,0.000362915965740733
void,0.00130939741580712,0.000261708615902781,0.000132139317696847,0.00154623788808913,0.00238670617469494
vs,0.000148116247605558,0.00046462761518972,0.000192851977179183,0.000221871412935866,0.000140896786699343
w,0.000262626287771199,0.000102407719266306,0.000176780979080917,0.000255418980527543,0.000482464754455327
want,0.00723155797133017,0.0045021467692261,0.00485165575922073,0.00502412946921267,0.00330467008803914
was,0.00188194761663532,0.00303809567156707,0.0029713489817237,0.00222138268587163,0.00231412298154679
way,0.00254660371933589,0.00282190159756042,0.00314098729498317,0.00404858145254106,0.00183165822709146
we,0.00189812838318047,0.00252984995372688,0.00242493504638269,0.00140404194818349,0.00110155669601305
web,0.00185083075789466,0.00312533187686799,0.00214637107934609,0.00144712007475008,0.0011229046939978
website,0.00139527994593135,0.00128009649082882,0.00157495781362999,0.00056344664659658,0.000969199108507604
well,0.000754272655873681,0.0016650736577003,0.00121603885610207,0.000898159877795361,0.000777067126644863
were,0.000337306748748791,0.000697889642407416,0.000655339589118149,0.000376266468329381,0.000345837567352934
what,0.00576906561051899,0.00949357486383566,0.00697124184173638,0.00561273679150301,0.00541385228893234
when,0.00461276313971594,0.00298499537268824,0.00458559145737168,0.00592343301408502,0.00549070508167744
where,0.00273703889482875,0.00243313155219759,0.00263207235520477,0.00276424332508241,0.00288197972794111
which,0.00448829570475329,0.00605722695067741,0.00458023445800559,0.00451367273051658,0.00320219969771235
while,0.00146000301211193,0.00120992823873894,0.0012338955206557,0.00137583149361777,0.00235254937791934
who,0.000536454644689037,0.00104493802436545,0.00101425854664607,0.00029735344001714,0.000337298368159034
why,0.00127081251096869,0.00220745528196259,0.00142674749783488,0.00156834878491091,0.00215614779645965
width,0.000587486293023725,9.10290837922716E-05,0.000121425318964671,0.000746814601273816,0.0010289735028649
wiki,0.000126956783661907,0.000411527316310895,0.000328562627786756,0.000147533052931581,9.82007907298454E-05
will,0.0038746712503874,0.00397114378043785,0.00376418488790479,0.00319731192490225,0.00267703894728752
window,0.000566326829080074,0.000185851046075888,0.000323205628420667,0.000629398114702946,0.000537969549215675
windows,0.000943463157016914,0.00115682793986012,0.00202316009392606,0.000921033219335141,0.000781336726241813
with,0.00832313737595264,0.00908773686526178,0.0086122693142148,0.00847495426284748,0.00751022569103469
within,0.000393317094481985,0.000328083989501312,0.000408917618278082,0.000711360921887157,0.000537969549215675
without,0.00100320752579899,0.00102976651040007,0.00133032150924529,0.00127404512376574,0.000913694313747257
wondering,0.000530231272940904,0.00129147512630285,0.000951760220708374,0.000563065424237584,0.000358646366143783
word,0.000360955561391695,0.000189643924567233,0.000317848629054579,0.000211959631601961,0.000315950370174285
wordpress,0.000209105290737258,0.000273087251376815,0.000421417283465621,0.000127328267904775,0.000170783983877992
work,0.00208482953562445,0.00237054905709041,0.00256243136344562,0.00261327927091986,0.00258310775615463
working,0.00173383136902976,0.00157214813466236,0.00170174013196075,0.00181423720646355,0.0020664862049237
works,0.00104303710498704,0.000713061156372794,0.00109282787068204,0.00199226804811484,0.00189570222104571
world,0.000241466823827548,0.000644789343528591,0.000349990625251109,0.000205478851499023,0.000226288778638339
would,0.00400411738274856,0.0063322106412999,0.0051123630617037,0.00427502753378488,0.00292040612431366
write,0.00187074554748868,0.00133698966819899,0.00088569056185995,0.00113604262980907,0.00122110548472764
writing,0.000475465601557337,0.000764265016005947,0.000466058944849692,0.000515793851722039,0.00042269036009803
written,0.000496625065500988,0.000711164717127122,0.000441059614474612,0.000445267715307717,0.000525160750424825
wrong,0.000653454033553931,0.000517727914068545,0.000596412596091176,0.00111812517893624,0.00180604062950976
www,0.0013790991793862,0.00142612231274559,0.00176423845789845,0.00120199409791544,0.00196828541419386
x,0.00102187764104339,0.000502556400103166,0.00089819022704749,0.00114824174529696,0.00151997745651413
xml,0.000735602540629282,0.000438077465750307,0.000239279305018616,0.000991559355749462,0.000730101531078415
y,0.000533965295989784,0.00016309377512782,0.000291063632224137,0.000515793851722039,0.00083684152100216
year,0.000229020080331283,0.000515831474822873,0.000423202949920984,0.000153251388316526,0.000256175975816988
years,0.000180477780695848,0.00102218075341738,0.000532128603698115,9.49243673900869E-05,0.000115279189117645
yes,0.000408253186677504,0.000320498232518623,0.0003696329562601,0.000440311824640765,0.000448307957679729
yet,0.000256402916023066,0.000584103287667076,0.000448202280296064,0.000353011904430604,0.00043122955929193
you,0.00506209057993112,0.00749472789889703,0.005655205664134,0.00362694952349111,0.00442757478203694
your,0.00153966217048802,0.00269673660734605,0.00182852245029151,0.000991178133390466,0.00153278625530498
z,0.000243956172526801,6.25824951071867E-05,0.000149995982250475,0.000211197186883968,0.000409881561307181
